<?xml version="1.0" encoding="UTF-8"?>
<syntax name="perch" subsyntax="true">
	<meta>
		<name>perch subsyntax</name>
		<type>html</type>
	</meta>



<collections>

<collection name="perch.entities">      
<!-- perch tags that need matching closing tags -->
	<scope name="perch.tag.open.paired" spell-check="false" lookup="documentation">
		<symbol type="tag-heading">
			<display-name>
				<component variable="perch.tag" />
				<component selector="perch.tag"  />
				<component selector="perch.tag.attribute"  />
				<component selector="perch.tag.attribute.value"  />
			</display-name>
			<context behavior="start" group-by-name="true" unclosed="parent">
				<auto-close string="&lt;/" completion="${name}&gt;" />
			</context>
		</symbol>
		<starts-with>
			<strings prefix="&lt;" suffix="\b" word-boundary="false" case-insensitive="true">
				<string>perch:if</string>
				<string>perch:blocks</string>
				<string>perch:block</string>
			</strings>
			<capture number="1" name="perch.tag.name" />
		</starts-with>
		<ends-with>
			<expression>/?&gt;</expression>
		</ends-with>
		<subscopes>
			<include syntax="self" collection="perch.attributes" />
		</subscopes>
	</scope>     
<!-- Not sure the purpose of this    -->
	<!-- <scope name="perch.tag.attribute.bare">
		<expression>(?&lt;=perch )([a-zA-Z_][a-zA-Z0-9-_]*)(?!\s*=)</expression>
		<capture number="1" name="perch.tag.attribute.name" />
	</scope> -->
<!-- perch tags (self-closing tags) -->
	<scope name="perch.tag.open.single" spell-check="false" lookup="documentation">
	<symbol type="tag">
		<context behavior="subtree" group-by-name="true" unclosed="truncate" />
	</symbol>
	<starts-with>
		<strings prefix="&lt;perch:" suffix="\b" word-boundary="false" case-insensitive="true">
			<string>content</string>
			<string>events</string>
			<string>blog</string>
			<string>members</string>
			<string>shop</string>
			<string>comments</string>
			<string>gallery</string>
			<string>mailchimp</string>
			<string>twitter</string>
		</strings>
		<capture number="1" name="perch.tag.name" />
	</starts-with>
	<ends-with>
		<expression>/?&gt;</expression>
	</ends-with>
	<subscopes>
		<include syntax="self" collection="perch.attributes" />
	</subscopes>
	</scope>


<!-- Class attribute -->
<scope name="perch.tag.attribute.class.double-quoted">
<starts-with>
	<expression>((?i:class))\s*(=)\s*(&quot;)</expression>
	<capture number="1" name="perch.tag.attribute.name" />
	<capture number="2" name="perch.tag.attribute.equals-sign" />
	<capture number="3" name="perch.tag.attribute.value.quote.left" />
</starts-with>
<ends-with>
	<expression>&quot;</expression>
	<capture number="0" name="perch.tag.attribute.value.quote.right" />
</ends-with>
<subscopes>
	<scope name="perch.tag.attribute.class.value.double-quoted">
		<starts-with>
			<expression>(?&lt;=&quot;)</expression>
		</starts-with>
		<ends-with>
			<expression>(?=&quot;)</expression>
		</ends-with>
		<subscopes>
			<scope name="perch.tag.attribute.value.escape">
				<expression>\\\\|\\&quot;</expression>
			</scope>
		</subscopes>
	</scope>
</subscopes>
</scope>
<!-- type attribute	 -->
<scope name="perch.tag.attribute.type.double-quoted">
<starts-with>
	<expression>((?i:type))\s*(=)\s*(&quot;)</expression>
	<capture number="1" name="perch.tag.attribute.name" />
	<capture number="2" name="perch.tag.attribute.equals-sign" />
	<capture number="3" name="perch.tag.attribute.value.quote.left" />
</starts-with>
<ends-with>
	<expression>&quot;</expression>
	<capture number="0" name="perch.tag.attribute.value.quote.right" />
</ends-with>
<subscopes>
	<scope name="perch.tag.attribute.type.value.double-quoted">
		<starts-with>
			<expression>(?&lt;=&quot;)</expression>
		</starts-with>
		<ends-with>
			<expression>(?=&quot;)</expression>
		</ends-with>
		<subscopes>
			<scope name="perch.tag.attribute.value.escape">
				<expression>\\\\|\\&quot;</expression>
			</scope>
		</subscopes>
	</scope>
</subscopes>
</scope>
<!-- editor attribute	 -->
<scope name="perch.tag.attribute.editor.double-quoted">
<starts-with>
	<expression>((?i:editor))\s*(=)\s*(&quot;)</expression>
	<capture number="1" name="perch.tag.attribute.name" />
	<capture number="2" name="perch.tag.attribute.equals-sign" />
	<capture number="3" name="perch.tag.attribute.value.quote.left" />
</starts-with>
<ends-with>
	<expression>&quot;</expression>
	<capture number="0" name="perch.tag.attribute.value.quote.right" />
</ends-with>
<subscopes>
	<scope name="perch.tag.attribute.editor.value.double-quoted">
		<starts-with>
			<expression>(?&lt;=&quot;)</expression>
		</starts-with>
		<ends-with>
			<expression>(?=&quot;)</expression>
		</ends-with>
		<subscopes>
			<scope name="perch.tag.attribute.value.escape">
				<expression>\\\\|\\&quot;</expression>
			</scope>
		</subscopes>
	</scope>
</subscopes>
</scope>
  <!-- Generic attributes -->
<scope name="perch.tag.attribute.double-quoted">
  <starts-with>
	  <expression>([a-zA-Z_][a-zA-Z0-9-_]*)\s*(=)\s*(&quot;)</expression>
	  <capture number="1" name="perch.tag.attribute.name" />
	  <capture number="2" name="perch.tag.attribute.equals-sign" />
	  <capture number="3" name="perch.tag.attribute.value.quote.left" />
  </starts-with>
  <ends-with>
	  <expression>(&quot;)</expression>
	  <capture number="1" name="perch.tag.attribute.value.quote.right" />
  </ends-with>
  <subscopes>
	  <include syntax="self" collection="perch.attribute-values-double-quoted" />
  </subscopes>
</scope>

<!-- comment block -->
<scope name="perch.comment.block">
	<starts-with>
		<expression>&lt;!--\*</expression>
	</starts-with>
	<ends-with>
		<expression>\*--&gt;</expression>
	</ends-with>
</scope>
	
<!-- Tag Attributes -->
<!-- ID attribute THIS WORKS!!!!!!!!!!!!! -->
	<scope name="perch.tag.attribute.id.double-quoted">
		<starts-with>
			<expression>((?i:id))\s*(=)\s*(&quot;)</expression>
			<capture number="1" name="perch.tag.attribute.name" />
			<capture number="2" name="perch.tag.attribute.equals-sign" />
			<capture number="3" name="perch.tag.attribute.value.quote.left" />
		</starts-with>
		<ends-with>
			<expression>&quot;</expression>
			<capture number="0" name="perch.tag.attribute.value.quote.right" />
		</ends-with>
		<subscopes>
			<scope name="perch.tag.attribute.id.value.double-quoted">
				<starts-with>
					<expression>(?&lt;=&quot;)</expression>
				</starts-with>
				<ends-with>
					<expression>(?=&quot;)</expression>
				</ends-with>
				<subscopes>
					<scope name="perch.tag.attribute.value.escape">
						<expression>\\\\|\\&quot;</expression>
					</scope>
				</subscopes>
			</scope>
		</subscopes>
	</scope>

<!-- Attribute values -->
 <template-scope name="perch.tag.attribute.value.double-quoted">
	 <starts-with>
		 <expression>(?&lt;=&quot;)</expression>
	 </starts-with>
	 <ends-with>
		 <expression>(?=&quot;)</expression>
	 </ends-with>
	 <subscopes>
		 <scope name="perch.tag.attribute.value.escape">
			 <expression>\\\\|\\&quot;</expression>
		 </scope>
	 </subscopes>
 </template-scope>
</collection>
<!-- Attribute values -->
<collection name="perch.attribute-values-double-quoted">
	<scope name="perch.tag.attribute.value.double-quoted">
		<starts-with>
			<expression>(?&lt;=&quot;)</expression>
		</starts-with>
		<ends-with>
			<expression>(?=&quot;)</expression>
		</ends-with>
		<subscopes>
			<scope name="perch.tag.attribute.value.escape">
				<expression>\\\\|\\&quot;</expression>
			</scope>
		</subscopes>
	</scope>
</collection>

<!-- Tag Attributes -->
<collection name="perch.attributes">
	<!-- ID attribute -->
	<scope name="perch.tag.attribute.id.double-quoted">
		<starts-with>
			<expression>((?i:id))\s*(=)\s*(&quot;)</expression>
			<capture number="1" name="perch.tag.attribute.name" />
			<capture number="2" name="perch.tag.attribute.equals-sign" />
			<capture number="3" name="perch.tag.attribute.value.quote.left" />
		</starts-with>
		<ends-with>
			<expression>&quot;</expression>
			<capture number="0" name="perch.tag.attribute.value.quote.right" />
		</ends-with>
		<subscopes>
			<scope name="perch.tag.attribute.id.value.double-quoted">
				<starts-with>
					<expression>(?&lt;=&quot;)</expression>
				</starts-with>
				<ends-with>
					<expression>(?=&quot;)</expression>
				</ends-with>
				<subscopes>
					<scope name="perch.tag.attribute.value.escape">
						<expression>\\\\|\\&quot;</expression>
					</scope>
				</subscopes>
			</scope>
		</subscopes>
	</scope>
	
	<!-- Class attribute -->
	<scope name="perch.tag.attribute.class.double-quoted">
		<starts-with>
			<expression>((?i:class))\s*(=)\s*(&quot;)</expression>
			<capture number="1" name="perch.tag.attribute.name" />
			<capture number="2" name="perch.tag.attribute.equals-sign" />
			<capture number="3" name="perch.tag.attribute.value.quote.left" />
		</starts-with>
		<ends-with>
			<expression>&quot;</expression>
			<capture number="0" name="perch.tag.attribute.value.quote.right" />
		</ends-with>
		<subscopes>
			<scope name="perch.tag.attribute.class.value.double-quoted">
				<starts-with>
					<expression>(?&lt;=&quot;)</expression>
				</starts-with>
				<ends-with>
					<expression>(?=&quot;)</expression>
				</ends-with>
				<subscopes>
					<scope name="perch.tag.attribute.value.escape">
						<expression>\\\\|\\&quot;</expression>
					</scope>
				</subscopes>
			</scope>
		</subscopes>
	</scope>
			
	
	<!-- Generic attributes -->
	<scope name="perch.tag.attribute.double-quoted">
		<starts-with>
			<expression>([a-zA-Z_][a-zA-Z0-9-_]*)\s*(=)\s*(&quot;)</expression>
			<capture number="1" name="perch.tag.attribute.name" />
			<capture number="2" name="perch.tag.attribute.equals-sign" />
			<capture number="3" name="perch.tag.attribute.value.quote.left" />
		</starts-with>
		<ends-with>
			<expression>(&quot;)</expression>
			<capture number="1" name="perch.tag.attribute.value.quote.right" />
		</ends-with>
		<subscopes>
			<include syntax="self" collection="attribute-values-double-quoted" />
		</subscopes>
	</scope>
	<scope name="perch.tag.attribute.unquoted">
		<starts-with>
			<expression>([a-zA-Z_][a-zA-Z0-9-_]*)\s*(=)\s*</expression>
			<capture number="1" name="perch.tag.attribute.name" />
			<capture number="2" name="perch.tag.attribute.equals-sign" />
		</starts-with>
		<ends-with>
			<expression>(?=\s|/|&gt;|$)</expression>
		</ends-with>
		<subscopes>
			<include syntax="self" collection="attribute-values-unquoted" />
		</subscopes>
	</scope>
	<scope name="perch.tag.attribute.bare">
		<expression>([a-zA-Z_][a-zA-Z0-9-_]*)(?!\s*=)</expression>
		<capture number="1" name="perch.tag.attribute.name" />
	</scope>
</collection>


</collections>
</syntax>